insert into Users (PostID, PostDescription, PostedBy, IsPublic, IsOnlyForFriends, GroupID	, DatePosted) values (1, 'convallis nulla neque libero convallis eget eleifend luctus ultricies eu nibh quisque id justo sit amet sapien dignissim vestibulum', 18, true, true, 11, '9/5/2003');
insert into Users (PostID, PostDescription, PostedBy, IsPublic, IsOnlyForFriends, GroupID	, DatePosted) values (2, 'placerat ante nulla justo aliquam quis turpis eget elit sodales scelerisque mauris sit amet eros suspendisse accumsan tortor quis turpis sed ante vivamus tortor duis mattis egestas metus aenean fermentum donec ut mauris eget massa tempor convallis nulla neque libero convallis eget eleifend luctus ultricies eu nibh quisque id justo sit amet sapien dignissim vestibulum vestibulum ante ipsum primis in faucibus orci luctus et ultrices posuere cubilia curae nulla dapibus dolor vel est donec odio justo', 9, false, false, 11, '9/23/2000');
insert into Users (PostID, PostDescription, PostedBy, IsPublic, IsOnlyForFriends, GroupID	, DatePosted) values (3, 'vel augue vestibulum ante ipsum primis in faucibus orci luctus et ultrices posuere cubilia curae donec pharetra magna vestibulum aliquet ultrices erat tortor sollicitudin mi sit amet lobortis sapien sapien non mi integer ac neque duis bibendum morbi non quam nec dui luctus rutrum nulla tellus in sagittis dui vel nisl', 3, false, true, 11, '3/12/1999');
insert into Users (PostID, PostDescription, PostedBy, IsPublic, IsOnlyForFriends, GroupID	, DatePosted) values (4, 'eget nunc donec quis orci eget orci vehicula condimentum curabitur in libero ut massa volutpat convallis morbi odio odio elementum eu interdum eu tincidunt in leo maecenas pulvinar lobortis est phasellus sit amet erat nulla tempus vivamus in felis eu sapien cursus vestibulum proin eu mi nulla ac enim in tempor turpis nec euismod scelerisque quam turpis adipiscing lorem vitae mattis nibh ligula nec sem duis aliquam convallis nunc proin at turpis a', 14, false, true, 20, '7/6/2000');
insert into Users (PostID, PostDescription, PostedBy, IsPublic, IsOnlyForFriends, GroupID	, DatePosted) values (5, 'nec dui luctus rutrum nulla tellus in sagittis dui vel nisl duis ac nibh fusce lacus purus aliquet at feugiat non pretium quis lectus suspendisse potenti in eleifend quam a odio in hac habitasse platea dictumst maecenas ut massa quis augue luctus tincidunt nulla mollis molestie lorem', 12, true, true, 11, '9/18/2002');
insert into Users (PostID, PostDescription, PostedBy, IsPublic, IsOnlyForFriends, GroupID	, DatePosted) values (6, 'aliquam quis turpis eget elit sodales scelerisque mauris sit amet eros suspendisse accumsan tortor quis turpis sed ante vivamus tortor duis mattis egestas metus aenean fermentum donec ut mauris eget massa tempor convallis nulla neque libero convallis eget eleifend luctus ultricies', 19, true, true, 12, '2/2/2000');
insert into Users (PostID, PostDescription, PostedBy, IsPublic, IsOnlyForFriends, GroupID	, DatePosted) values (7, 'felis sed interdum venenatis turpis enim blandit mi in porttitor pede justo eu massa donec dapibus duis at velit eu', 1, true, true, 13, '9/4/2001');
insert into Users (PostID, PostDescription, PostedBy, IsPublic, IsOnlyForFriends, GroupID	, DatePosted) values (8, 'rhoncus aliquet pulvinar sed nisl nunc rhoncus dui vel sem sed sagittis nam congue risus semper porta volutpat quam pede lobortis ligula sit amet eleifend pede libero quis orci nullam molestie nibh in lectus pellentesque at nulla suspendisse potenti cras in purus eu magna vulputate luctus cum sociis natoque penatibus et magnis dis', 2, false, false, 1, '3/27/2001');
insert into Users (PostID, PostDescription, PostedBy, IsPublic, IsOnlyForFriends, GroupID	, DatePosted) values (9, 'tincidunt lacus at velit vivamus vel nulla eget eros elementum pellentesque quisque porta volutpat erat quisque erat eros viverra eget congue eget semper rutrum nulla nunc purus phasellus in felis donec semper sapien a libero nam dui proin leo odio porttitor id consequat in consequat ut nulla sed accumsan felis ut at dolor quis odio consequat varius integer ac leo pellentesque ultrices mattis odio donec vitae nisi nam ultrices libero non mattis pulvinar nulla pede ullamcorper augue a suscipit nulla elit ac nulla sed vel', 14, false, false, 12, '10/19/2000');
insert into Users (PostID, PostDescription, PostedBy, IsPublic, IsOnlyForFriends, GroupID	, DatePosted) values (10, 'lectus pellentesque eget nunc donec quis orci eget orci vehicula condimentum curabitur in libero ut massa volutpat convallis morbi odio odio elementum eu', 17, true, true, 16, '11/8/2001');
insert into Users (PostID, PostDescription, PostedBy, IsPublic, IsOnlyForFriends, GroupID	, DatePosted) values (11, 'congue etiam justo etiam pretium iaculis justo in hac habitasse platea dictumst etiam faucibus cursus urna ut tellus nulla ut erat id mauris vulputate elementum nullam varius nulla facilisi cras non velit nec nisi vulputate nonummy maecenas tincidunt lacus at velit vivamus vel nulla eget eros elementum pellentesque quisque porta volutpat erat quisque erat eros viverra eget congue eget semper rutrum nulla nunc purus phasellus in felis donec semper sapien a libero nam dui proin leo odio porttitor id consequat in consequat ut nulla sed accumsan felis ut at dolor quis odio consequat varius integer ac', 8, false, true, 16, '3/12/2002');
insert into Users (PostID, PostDescription, PostedBy, IsPublic, IsOnlyForFriends, GroupID	, DatePosted) values (12, 'faucibus orci luctus et ultrices posuere cubilia curae duis faucibus accumsan odio curabitur convallis duis consequat dui nec nisi volutpat eleifend donec ut dolor morbi vel lectus in', 17, true, false, 7, '10/23/2002');
insert into Users (PostID, PostDescription, PostedBy, IsPublic, IsOnlyForFriends, GroupID	, DatePosted) values (13, 'lacus morbi quis tortor id nulla ultrices aliquet maecenas leo odio condimentum id luctus nec molestie sed justo pellentesque viverra pede ac diam cras pellentesque volutpat dui maecenas tristique est et tempus semper est quam pharetra magna ac consequat metus sapien ut nunc vestibulum ante ipsum primis in faucibus orci luctus et ultrices posuere cubilia curae mauris viverra diam vitae quam suspendisse potenti nullam porttitor lacus at turpis donec posuere metus vitae ipsum aliquam non mauris morbi non lectus aliquam sit amet diam in magna bibendum imperdiet nullam orci pede venenatis non sodales sed', 9, false, false, 5, '8/25/2002');
insert into Users (PostID, PostDescription, PostedBy, IsPublic, IsOnlyForFriends, GroupID	, DatePosted) values (14, 'nullam orci pede venenatis non sodales sed tincidunt eu felis fusce posuere felis sed lacus morbi sem mauris laoreet ut rhoncus aliquet pulvinar sed nisl nunc rhoncus dui vel sem sed sagittis nam congue', 3, false, false, 10, '11/21/2002');
insert into Users (PostID, PostDescription, PostedBy, IsPublic, IsOnlyForFriends, GroupID	, DatePosted) values (15, 'primis in faucibus orci luctus et ultrices posuere cubilia curae nulla dapibus dolor vel est donec odio justo sollicitudin ut suscipit', 9, true, false, 19, '10/20/2002');
insert into Users (PostID, PostDescription, PostedBy, IsPublic, IsOnlyForFriends, GroupID	, DatePosted) values (16, 'gravida sem praesent id massa id nisl venenatis lacinia aenean sit amet justo morbi ut odio cras mi pede malesuada in imperdiet et', 1, true, false, 8, '10/5/2004');
insert into Users (PostID, PostDescription, PostedBy, IsPublic, IsOnlyForFriends, GroupID	, DatePosted) values (17, 'eget eros elementum pellentesque quisque porta volutpat erat quisque erat eros viverra eget congue eget semper rutrum nulla nunc purus phasellus in felis donec semper sapien a libero nam dui proin leo odio', 8, true, false, 17, '11/26/2005');
insert into Users (PostID, PostDescription, PostedBy, IsPublic, IsOnlyForFriends, GroupID	, DatePosted) values (18, 'vehicula consequat morbi a ipsum integer a nibh in quis justo maecenas rhoncus aliquam lacus morbi quis tortor id nulla ultrices aliquet maecenas leo odio condimentum id luctus nec molestie sed justo pellentesque viverra pede ac diam cras pellentesque volutpat dui maecenas tristique est et tempus semper est quam pharetra magna ac consequat metus sapien ut nunc vestibulum ante ipsum primis in faucibus orci luctus et ultrices posuere cubilia curae mauris viverra diam vitae quam suspendisse potenti nullam porttitor lacus at turpis donec posuere metus vitae ipsum aliquam', 7, false, false, 8, '8/12/2005');
insert into Users (PostID, PostDescription, PostedBy, IsPublic, IsOnlyForFriends, GroupID	, DatePosted) values (19, 'mollis molestie lorem quisque ut erat curabitur gravida nisi at nibh in hac habitasse platea dictumst aliquam augue quam sollicitudin vitae consectetuer eget rutrum at lorem integer tincidunt ante vel ipsum praesent blandit lacinia erat vestibulum sed magna at nunc commodo placerat praesent blandit nam nulla integer pede justo lacinia eget tincidunt eget tempus vel pede morbi porttitor lorem id ligula suspendisse ornare consequat lectus in est risus auctor', 7, true, false, 14, '2/4/2003');
insert into Users (PostID, PostDescription, PostedBy, IsPublic, IsOnlyForFriends, GroupID	, DatePosted) values (20, 'nullam varius nulla facilisi cras non velit nec nisi vulputate nonummy maecenas tincidunt lacus at velit vivamus vel nulla eget eros elementum pellentesque quisque porta volutpat erat quisque erat eros viverra eget congue eget semper rutrum nulla nunc purus phasellus in felis donec semper sapien a libero nam dui proin leo odio porttitor id consequat', 18, false, true, 14, '11/12/1999');


insert into Posts (PostID, PostDescription, PostedBy, IsPublic, IsOnlyForFriends, GroupID	, DatePosted) values (1, 'cras mi pede malesuada in imperdiet et commodo vulputate justo in blandit ultrices enim lorem ipsum dolor sit amet consectetuer adipiscing elit proin interdum mauris non ligula pellentesque ultrices phasellus id sapien in sapien iaculis congue vivamus metus arcu adipiscing molestie hendrerit at vulputate vitae nisl aenean lectus pellentesque eget nunc donec quis orci eget orci vehicula condimentum curabitur in libero ut massa volutpat convallis morbi odio odio elementum eu interdum eu tincidunt in leo maecenas pulvinar', 20, true, false, 5, '11/30/1999');
insert into Posts (PostID, PostDescription, PostedBy, IsPublic, IsOnlyForFriends, GroupID	, DatePosted) values (2, 'odio porttitor id consequat in consequat ut nulla sed accumsan felis ut at dolor quis odio consequat varius integer ac leo pellentesque ultrices mattis odio donec vitae nisi nam ultrices libero non mattis pulvinar nulla pede ullamcorper augue a suscipit nulla elit ac nulla sed vel enim sit amet nunc viverra dapibus nulla suscipit ligula in lacus curabitur at ipsum ac tellus semper interdum mauris ullamcorper purus sit amet nulla quisque arcu libero rutrum ac lobortis vel dapibus at diam', 2, true, true, 4, '7/14/2000');
insert into Posts (PostID, PostDescription, PostedBy, IsPublic, IsOnlyForFriends, GroupID	, DatePosted) values (3, 'bibendum imperdiet nullam orci pede venenatis non sodales sed tincidunt eu felis fusce posuere felis sed lacus morbi sem mauris laoreet ut rhoncus aliquet pulvinar sed nisl nunc rhoncus dui vel sem sed sagittis nam congue', 8, false, false, 3, '8/5/2003');
insert into Posts (PostID, PostDescription, PostedBy, IsPublic, IsOnlyForFriends, GroupID	, DatePosted) values (4, 'elementum nullam varius nulla facilisi cras non velit nec nisi vulputate nonummy maecenas tincidunt lacus at velit vivamus vel nulla eget eros elementum pellentesque quisque porta volutpat erat quisque erat eros viverra eget congue eget semper rutrum nulla nunc purus phasellus in felis donec semper sapien a', 19, true, true, 19, '5/22/2001');
insert into Posts (PostID, PostDescription, PostedBy, IsPublic, IsOnlyForFriends, GroupID	, DatePosted) values (5, 'dui vel sem sed sagittis nam congue risus semper porta volutpat quam pede lobortis ligula sit amet eleifend pede libero quis orci nullam molestie nibh in lectus pellentesque at nulla suspendisse potenti cras in purus eu magna vulputate luctus cum sociis natoque penatibus et magnis dis parturient montes nascetur ridiculus mus vivamus vestibulum sagittis sapien cum sociis natoque penatibus et magnis dis parturient montes nascetur ridiculus mus etiam vel augue vestibulum rutrum rutrum neque aenean auctor gravida sem praesent id massa id nisl venenatis lacinia aenean sit amet justo morbi ut odio cras mi pede malesuada in imperdiet et', 17, true, false, 11, '12/28/2004');
insert into Posts (PostID, PostDescription, PostedBy, IsPublic, IsOnlyForFriends, GroupID	, DatePosted) values (6, 'et magnis dis parturient montes nascetur ridiculus mus vivamus vestibulum sagittis sapien cum sociis natoque penatibus et magnis dis parturient montes nascetur ridiculus mus etiam vel augue vestibulum rutrum rutrum neque aenean auctor gravida sem praesent id massa id nisl venenatis lacinia aenean sit amet justo morbi ut odio cras mi pede malesuada in imperdiet et commodo vulputate justo in blandit ultrices enim lorem ipsum dolor sit amet consectetuer adipiscing elit proin interdum mauris non ligula pellentesque ultrices phasellus id sapien', 14, true, false, 4, '3/7/1999');
insert into Posts (PostID, PostDescription, PostedBy, IsPublic, IsOnlyForFriends, GroupID	, DatePosted) values (7, 'proin risus praesent lectus vestibulum quam sapien varius ut blandit non interdum in ante vestibulum ante ipsum primis in faucibus orci luctus et ultrices posuere cubilia curae duis faucibus accumsan odio curabitur convallis duis consequat dui nec nisi volutpat eleifend donec ut dolor morbi vel lectus in quam fringilla rhoncus mauris enim leo rhoncus sed vestibulum sit amet cursus id turpis integer aliquet massa', 5, true, false, 14, '12/30/2003');
insert into Posts (PostID, PostDescription, PostedBy, IsPublic, IsOnlyForFriends, GroupID	, DatePosted) values (8, 'dignissim vestibulum vestibulum ante ipsum primis in faucibus orci luctus et ultrices posuere cubilia curae nulla dapibus dolor vel est donec odio justo sollicitudin ut suscipit a feugiat et eros vestibulum ac est lacinia nisi venenatis tristique fusce congue diam id ornare imperdiet sapien urna pretium nisl ut volutpat sapien arcu sed augue aliquam erat volutpat in congue etiam justo etiam pretium iaculis justo in hac habitasse platea dictumst etiam faucibus cursus urna ut tellus nulla ut erat', 20, true, false, 17, '8/30/2004');
insert into Posts (PostID, PostDescription, PostedBy, IsPublic, IsOnlyForFriends, GroupID	, DatePosted) values (9, 'velit id pretium iaculis diam erat fermentum justo nec condimentum neque sapien placerat ante nulla justo aliquam quis turpis eget elit sodales scelerisque mauris sit amet eros suspendisse accumsan tortor quis turpis sed ante vivamus tortor duis mattis egestas metus aenean fermentum donec ut mauris eget massa tempor convallis', 18, true, false, 3, '11/26/2004');
insert into Posts (PostID, PostDescription, PostedBy, IsPublic, IsOnlyForFriends, GroupID	, DatePosted) values (10, 'vestibulum sit amet cursus id turpis integer aliquet massa id lobortis convallis tortor risus dapibus augue vel accumsan tellus nisi eu orci mauris lacinia sapien quis', 15, true, true, 5, '7/10/2004');
insert into Posts (PostID, PostDescription, PostedBy, IsPublic, IsOnlyForFriends, GroupID	, DatePosted) values (11, 'pede venenatis non sodales sed tincidunt eu felis fusce posuere felis sed lacus morbi sem mauris laoreet ut rhoncus aliquet pulvinar sed nisl nunc rhoncus dui vel sem sed sagittis nam congue risus semper porta volutpat quam pede lobortis ligula sit amet eleifend pede libero quis orci nullam molestie nibh in lectus pellentesque at nulla suspendisse potenti cras in purus eu magna vulputate luctus cum sociis natoque', 11, false, true, 16, '9/21/2003');
insert into Posts (PostID, PostDescription, PostedBy, IsPublic, IsOnlyForFriends, GroupID	, DatePosted) values (12, 'nulla ac enim in tempor turpis nec euismod scelerisque quam turpis adipiscing lorem vitae mattis nibh ligula nec sem duis aliquam convallis nunc proin at turpis a pede posuere nonummy integer non velit donec diam neque vestibulum eget vulputate ut ultrices vel augue vestibulum ante ipsum primis in faucibus orci luctus et ultrices posuere cubilia curae donec pharetra magna vestibulum aliquet ultrices erat tortor sollicitudin mi sit amet lobortis sapien sapien non mi integer ac neque duis bibendum morbi non quam nec dui luctus rutrum nulla tellus in sagittis dui vel nisl', 16, true, false, 20, '11/4/2003');
insert into Posts (PostID, PostDescription, PostedBy, IsPublic, IsOnlyForFriends, GroupID	, DatePosted) values (13, 'ultrices posuere cubilia curae nulla dapibus dolor vel est donec odio justo sollicitudin ut suscipit a feugiat et eros vestibulum ac est lacinia nisi venenatis tristique fusce congue diam id ornare imperdiet sapien urna pretium nisl ut volutpat sapien arcu sed augue aliquam erat volutpat in congue etiam justo etiam pretium iaculis justo in hac habitasse platea dictumst etiam faucibus cursus urna ut tellus nulla', 17, true, false, 20, '7/14/1999');
insert into Posts (PostID, PostDescription, PostedBy, IsPublic, IsOnlyForFriends, GroupID	, DatePosted) values (14, 'sem sed sagittis nam congue risus semper porta volutpat quam pede lobortis ligula sit amet eleifend pede libero quis orci nullam molestie nibh in lectus pellentesque at nulla suspendisse potenti cras in purus eu magna vulputate luctus cum sociis natoque penatibus et magnis dis parturient montes nascetur ridiculus mus vivamus vestibulum sagittis sapien', 19, false, false, 11, '12/15/2004');
insert into Posts (PostID, PostDescription, PostedBy, IsPublic, IsOnlyForFriends, GroupID	, DatePosted) values (15, 'donec ut dolor morbi vel lectus in quam fringilla rhoncus mauris enim leo rhoncus sed vestibulum sit amet cursus id turpis integer', 6, true, true, 14, '6/18/2003');
insert into Posts (PostID, PostDescription, PostedBy, IsPublic, IsOnlyForFriends, GroupID	, DatePosted) values (16, 'amet erat nulla tempus vivamus in felis eu sapien cursus vestibulum proin eu mi nulla ac enim in tempor turpis nec euismod scelerisque quam turpis adipiscing lorem vitae mattis nibh ligula nec sem duis aliquam convallis nunc proin at turpis a pede', 17, false, false, 14, '4/2/2005');
insert into Posts (PostID, PostDescription, PostedBy, IsPublic, IsOnlyForFriends, GroupID	, DatePosted) values (17, 'nonummy integer non velit donec diam neque vestibulum eget vulputate ut ultrices vel augue vestibulum ante ipsum primis in faucibus orci luctus et ultrices posuere cubilia curae', 15, false, true, 15, '9/27/2000');
insert into Posts (PostID, PostDescription, PostedBy, IsPublic, IsOnlyForFriends, GroupID	, DatePosted) values (18, 'lectus vestibulum quam sapien varius ut blandit non interdum in ante vestibulum ante ipsum primis in faucibus orci luctus et ultrices posuere', 19, false, false, 6, '12/13/2001');
insert into Posts (PostID, PostDescription, PostedBy, IsPublic, IsOnlyForFriends, GroupID	, DatePosted) values (19, 'ac neque duis bibendum morbi non quam nec dui luctus rutrum nulla tellus in sagittis dui vel nisl duis ac nibh fusce lacus purus aliquet at feugiat non pretium quis lectus suspendisse potenti in eleifend quam a odio in hac habitasse platea dictumst maecenas ut massa quis augue luctus tincidunt nulla', 20, false, true, 14, '2/23/2002');
insert into Posts (PostID, PostDescription, PostedBy, IsPublic, IsOnlyForFriends, GroupID	, DatePosted) values (20, 'ipsum aliquam non mauris morbi non lectus aliquam sit amet diam in magna bibendum imperdiet nullam orci pede venenatis non sodales sed tincidunt eu felis fusce posuere felis sed lacus morbi sem mauris laoreet ut rhoncus aliquet pulvinar sed nisl nunc rhoncus dui vel sem sed sagittis nam congue risus semper porta volutpat quam pede lobortis ligula sit amet eleifend pede libero quis orci nullam molestie nibh in lectus pellentesque at nulla suspendisse potenti cras in purus eu', 7, true, false, 19, '6/25/2003');

insert into Groups (GroupID, GroupName, CreatedBy, DateAdded) values (1, 'Wyman Group', 8, '7/11/2000');
insert into Groups (GroupID, GroupName, CreatedBy, DateAdded) values (2, 'Schmidt-Hickle', 1, '4/20/2003');
insert into Groups (GroupID, GroupName, CreatedBy, DateAdded) values (3, 'Lang Inc', 15, '9/7/2002');
insert into Groups (GroupID, GroupName, CreatedBy, DateAdded) values (4, 'Schumm and Sons', 13, '8/12/2004');
insert into Groups (GroupID, GroupName, CreatedBy, DateAdded) values (5, 'Nader, Spinka and Zieme', 11, '12/25/1999');
insert into Groups (GroupID, GroupName, CreatedBy, DateAdded) values (6, 'D''Amore-Kuhlman', 15, '2/27/2004');
insert into Groups (GroupID, GroupName, CreatedBy, DateAdded) values (7, 'Harris, Lemke and Effertz', 17, '5/1/2005');
insert into Groups (GroupID, GroupName, CreatedBy, DateAdded) values (8, 'Heller-Mante', 14, '11/21/2003');
insert into Groups (GroupID, GroupName, CreatedBy, DateAdded) values (9, 'Quigley, Kemmer and Wisoky', 18, '4/11/2003');
insert into Groups (GroupID, GroupName, CreatedBy, DateAdded) values (10, 'Gerhold-Morissette', 16, '6/16/2004');
insert into Groups (GroupID, GroupName, CreatedBy, DateAdded) values (11, 'Gutkowski Inc', 16, '1/1/2001');
insert into Groups (GroupID, GroupName, CreatedBy, DateAdded) values (12, 'Schimmel-Herman', 10, '6/16/1999');
insert into Groups (GroupID, GroupName, CreatedBy, DateAdded) values (13, 'Lakin Inc', 17, '11/16/2005');
insert into Groups (GroupID, GroupName, CreatedBy, DateAdded) values (14, 'Grant, Treutel and McKenzie', 13, '2/9/2002');
insert into Groups (GroupID, GroupName, CreatedBy, DateAdded) values (15, 'Murphy-Gerlach', 1, '4/4/2005');
insert into Groups (GroupID, GroupName, CreatedBy, DateAdded) values (16, 'Reilly, Gulgowski and Bailey', 14, '8/7/2002');
insert into Groups (GroupID, GroupName, CreatedBy, DateAdded) values (17, 'Runolfsdottir Group', 10, '3/9/2004');
insert into Groups (GroupID, GroupName, CreatedBy, DateAdded) values (18, 'Mertz, Dickens and Prosacco', 16, '7/15/2005');
insert into Groups (GroupID, GroupName, CreatedBy, DateAdded) values (19, 'Franecki-Rosenbaum', 11, '5/3/2001');
insert into Groups (GroupID, GroupName, CreatedBy, DateAdded) values (20, 'Crona, Schmeler and MacGyver', 14, '10/9/2000');

insert into GroupMembershipRequests (GroupMemberShipRequestsID, GroupID, GroupMemberUserID, IsGroupMemberShipAccepted	, DateAccepted) values (1, 9, 13, false, '4/2/2005');
insert into GroupMembershipRequests (GroupMemberShipRequestsID, GroupID, GroupMemberUserID, IsGroupMemberShipAccepted	, DateAccepted) values (2, 10, 19, true, '9/10/2004');
insert into GroupMembershipRequests (GroupMemberShipRequestsID, GroupID, GroupMemberUserID, IsGroupMemberShipAccepted	, DateAccepted) values (3, 14, 7, true, '10/4/2003');
insert into GroupMembershipRequests (GroupMemberShipRequestsID, GroupID, GroupMemberUserID, IsGroupMemberShipAccepted	, DateAccepted) values (4, 10, 9, true, '8/17/2001');
insert into GroupMembershipRequests (GroupMemberShipRequestsID, GroupID, GroupMemberUserID, IsGroupMemberShipAccepted	, DateAccepted) values (5, 12, 13, false, '6/19/1999');
insert into GroupMembershipRequests (GroupMemberShipRequestsID, GroupID, GroupMemberUserID, IsGroupMemberShipAccepted	, DateAccepted) values (6, 19, 7, true, '10/4/2000');
insert into GroupMembershipRequests (GroupMemberShipRequestsID, GroupID, GroupMemberUserID, IsGroupMemberShipAccepted	, DateAccepted) values (7, 17, 4, true, '5/17/1999');
insert into GroupMembershipRequests (GroupMemberShipRequestsID, GroupID, GroupMemberUserID, IsGroupMemberShipAccepted	, DateAccepted) values (8, 12, 4, true, '2/5/2000');
insert into GroupMembershipRequests (GroupMemberShipRequestsID, GroupID, GroupMemberUserID, IsGroupMemberShipAccepted	, DateAccepted) values (9, 7, 15, false, '11/14/2003');
insert into GroupMembershipRequests (GroupMemberShipRequestsID, GroupID, GroupMemberUserID, IsGroupMemberShipAccepted	, DateAccepted) values (10, 4, 13, false, '11/24/2003');
insert into GroupMembershipRequests (GroupMemberShipRequestsID, GroupID, GroupMemberUserID, IsGroupMemberShipAccepted	, DateAccepted) values (11, 14, 5, true, '10/5/2001');
insert into GroupMembershipRequests (GroupMemberShipRequestsID, GroupID, GroupMemberUserID, IsGroupMemberShipAccepted	, DateAccepted) values (12, 14, 4, true, '4/3/2003');
insert into GroupMembershipRequests (GroupMemberShipRequestsID, GroupID, GroupMemberUserID, IsGroupMemberShipAccepted	, DateAccepted) values (13, 16, 9, true, '5/15/2005');
insert into GroupMembershipRequests (GroupMemberShipRequestsID, GroupID, GroupMemberUserID, IsGroupMemberShipAccepted	, DateAccepted) values (14, 19, 3, false, '8/23/1999');
insert into GroupMembershipRequests (GroupMemberShipRequestsID, GroupID, GroupMemberUserID, IsGroupMemberShipAccepted	, DateAccepted) values (15, 1, 16, false, '9/6/2002');
insert into GroupMembershipRequests (GroupMemberShipRequestsID, GroupID, GroupMemberUserID, IsGroupMemberShipAccepted	, DateAccepted) values (16, 7, 6, false, '8/13/2003');
insert into GroupMembershipRequests (GroupMemberShipRequestsID, GroupID, GroupMemberUserID, IsGroupMemberShipAccepted	, DateAccepted) values (17, 9, 5, true, '9/26/2004');
insert into GroupMembershipRequests (GroupMemberShipRequestsID, GroupID, GroupMemberUserID, IsGroupMemberShipAccepted	, DateAccepted) values (18, 1, 8, true, '11/18/1999');
insert into GroupMembershipRequests (GroupMemberShipRequestsID, GroupID, GroupMemberUserID, IsGroupMemberShipAccepted	, DateAccepted) values (19, 10, 10, false, '8/30/2005');
insert into GroupMembershipRequests (GroupMemberShipRequestsID, GroupID, GroupMemberUserID, IsGroupMemberShipAccepted	, DateAccepted) values (20, 13, 14, true, '6/7/2001');


insert into Friends (FriendID, FriendWhoAdded, FriendBeingAdded, IsAccepted, DateAdded) values (1, 18, 6, true, '9/9/2005');
insert into Friends (FriendID, FriendWhoAdded, FriendBeingAdded, IsAccepted, DateAdded) values (2, 1, 16, true, '7/10/2003');
insert into Friends (FriendID, FriendWhoAdded, FriendBeingAdded, IsAccepted, DateAdded) values (3, 5, 4, true, '9/2/2001');
insert into Friends (FriendID, FriendWhoAdded, FriendBeingAdded, IsAccepted, DateAdded) values (4, 20, 15, false, '10/29/2005');
insert into Friends (FriendID, FriendWhoAdded, FriendBeingAdded, IsAccepted, DateAdded) values (5, 14, 3, false, '8/7/1999');
insert into Friends (FriendID, FriendWhoAdded, FriendBeingAdded, IsAccepted, DateAdded) values (6, 3, 6, false, '8/15/2000');
insert into Friends (FriendID, FriendWhoAdded, FriendBeingAdded, IsAccepted, DateAdded) values (7, 20, 2, true, '10/27/2005');
insert into Friends (FriendID, FriendWhoAdded, FriendBeingAdded, IsAccepted, DateAdded) values (8, 11, 6, false, '10/22/2000');
insert into Friends (FriendID, FriendWhoAdded, FriendBeingAdded, IsAccepted, DateAdded) values (9, 12, 19, false, '1/31/2001');
insert into Friends (FriendID, FriendWhoAdded, FriendBeingAdded, IsAccepted, DateAdded) values (10, 1, 8, true, '1/7/2003');
insert into Friends (FriendID, FriendWhoAdded, FriendBeingAdded, IsAccepted, DateAdded) values (11, 14, 20, false, '2/1/2005');
insert into Friends (FriendID, FriendWhoAdded, FriendBeingAdded, IsAccepted, DateAdded) values (12, 2, 3, true, '12/8/2004');
insert into Friends (FriendID, FriendWhoAdded, FriendBeingAdded, IsAccepted, DateAdded) values (13, 3, 11, false, '7/23/2002');
insert into Friends (FriendID, FriendWhoAdded, FriendBeingAdded, IsAccepted, DateAdded) values (14, 3, 17, true, '6/16/2002');
insert into Friends (FriendID, FriendWhoAdded, FriendBeingAdded, IsAccepted, DateAdded) values (15, 14, 9, false, '10/29/2005');
insert into Friends (FriendID, FriendWhoAdded, FriendBeingAdded, IsAccepted, DateAdded) values (16, 17, 17, true, '7/27/2001');
insert into Friends (FriendID, FriendWhoAdded, FriendBeingAdded, IsAccepted, DateAdded) values (17, 8, 5, true, '8/17/2001');
insert into Friends (FriendID, FriendWhoAdded, FriendBeingAdded, IsAccepted, DateAdded) values (18, 1, 16, true, '12/25/2002');
insert into Friends (FriendID, FriendWhoAdded, FriendBeingAdded, IsAccepted, DateAdded) values (19, 16, 14, false, '5/28/2002');
insert into Friends (FriendID, FriendWhoAdded, FriendBeingAdded, IsAccepted, DateAdded) values (20, 19, 17, false, '4/30/2001');


